{"loss": [608984768.0, 233835808.0, 129674240.0, 85146256.0, 61786792.0, 47615784.0, 37990188.0, 30889866.0, 25417410.0, 21081772.0, 17588580.0, 14746044.0, 12399149.0, 10445798.0, 8806029.0, 7415154.0, 6232717.0, 5226202.0, 4370942.5, 3649283.25, 3039618.0, 2529310.25, 2102200.75, 1746363.375, 1449852.5, 1203139.375, 998389.875, 829306.3125, 689871.8125, 574863.0, 480652.40625, 403175.9375, 339217.46875, 286514.0625, 242842.0, 206482.296875, 176164.015625, 150723.5625, 129387.5234375, 111302.109375, 96004.5625, 83060.984375, 72038.2890625, 62720.6953125, 54739.92578125, 47857.95703125, 42042.52734375, 36978.39453125, 32701.330078125, 29035.8515625, 25748.16796875, 23010.6953125, 20569.64453125, 18473.72265625, 16639.861328125, 15047.90234375, 13443.3642578125, 12391.8037109375, 11302.8173828125, 10344.794921875, 9483.18359375, 8729.7041015625, 8060.81103515625, 7446.681640625, 6911.18310546875, 6432.0361328125, 6000.732421875, 5621.66259765625, 5262.748046875, 4939.017578125, 4654.41650390625, 4378.1552734375, 4141.49658203125, 3923.06689453125, 3716.80224609375, 3533.910888671875, 3357.809326171875, 3199.367919921875, 3046.553955078125, 2914.9609375, 2780.186767578125, 2663.160888671875, 2555.951171875, 2447.495361328125, 2357.880615234375, 2255.576416015625, 2181.413818359375, 2095.048828125, 2017.1593017578125, 1941.3404541015625, 1876.820068359375, 1823.392578125, 1764.6109619140625, 1709.6800537109375, 1644.2266845703125, 1594.685791015625, 1545.9210205078125, 1505.7071533203125, 1455.0869140625, 1415.1773681640625], "mean_squared_error": [4.7326483726501465, 3.6894354820251465, 3.2869040966033936, 2.9892523288726807, 2.6706292629241943, 2.5914089679718018, 2.616438150405884, 2.5689706802368164, 2.549217939376831, 2.5135746002197266, 2.3602259159088135, 2.3591225147247314, 2.2288734912872314, 2.1377596855163574, 2.0296103954315186, 1.9525861740112305, 1.8985707759857178, 1.8596460819244385, 1.7874540090560913, 1.7723575830459595, 1.706730604171753, 1.672973871231079, 1.6857749223709106, 1.6489962339401245, 1.6427522897720337, 1.6905848979949951, 1.634651780128479, 1.7410212755203247, 1.678052306175232, 1.658065915107727, 1.6505327224731445, 1.6680514812469482, 1.7213633060455322, 1.6719005107879639, 1.7299073934555054, 1.6609532833099365, 1.703513503074646, 1.6833078861236572, 1.6801658868789673, 1.645919680595398, 1.5680358409881592, 1.6101576089859009, 1.512331485748291, 1.4648934602737427, 1.502070665359497, 1.5129176378250122, 1.3842488527297974, 1.359010100364685, 1.4790830612182617, 1.3562266826629639, 1.3551543951034546, 1.4772995710372925, 1.3488491773605347, 1.3109180927276611, 1.2589690685272217, 1.2889450788497925, 1.3029940128326416, 1.3076688051223755, 1.378913402557373, 1.2572886943817139, 1.2426263093948364, 1.209076166152954, 1.21641206741333, 1.1830899715423584, 1.235901117324829, 1.2115845680236816, 1.1588422060012817, 1.180735468864441, 1.1679675579071045, 1.141072154045105, 1.1294195652008057, 1.1108331680297852, 1.0985116958618164, 1.098129391670227, 1.0665494203567505, 1.0602022409439087, 1.0390629768371582, 1.0124540328979492, 1.0169274806976318, 0.9874776005744934, 0.9680234789848328, 1.0033422708511353, 0.9463930726051331, 0.9574453234672546, 0.9148218035697937, 0.9139297604560852, 0.9102311134338379, 0.8968859910964966, 0.8680636286735535, 0.8969368934631348, 0.8634899854660034, 0.8638468384742737, 0.867378830909729, 0.8373919725418091, 0.8193594217300415, 0.8102827072143555, 0.8248605728149414, 0.8150344491004944, 0.7710667252540588, 0.7969965934753418], "val_loss": [326101280.0, 175294352.0, 116064544.0, 85164336.0, 66484752.0, 53593360.0, 43954236.0, 36288872.0, 30169718.0, 25297604.0, 21099536.0, 17660214.0, 14817656.0, 12432660.0, 10395040.0, 8717073.0, 7269267.0, 6091639.5, 5086107.0, 4228111.0, 3519844.25, 2910047.75, 2430470.75, 2024785.125, 1683607.25, 1406081.125, 1169564.375, 976560.5625, 812987.875, 682504.25, 565842.375, 476159.21875, 399988.09375, 337955.34375, 287426.28125, 241596.109375, 204326.9375, 175256.71875, 150498.78125, 128527.765625, 110384.9296875, 95767.1640625, 83520.2578125, 72427.40625, 63800.6796875, 55905.93359375, 49748.796875, 44174.5546875, 38990.33984375, 35027.265625, 30950.947265625, 27892.513671875, 24860.697265625, 22398.44140625, 20233.279296875, 18297.64453125, 16585.92578125, 14871.15234375, 13579.9248046875, 12376.5986328125, 11373.9794921875, 10340.970703125, 9420.255859375, 8843.2626953125, 7907.220703125, 7362.9052734375, 6791.32763671875, 6321.90673828125, 5936.29150390625, 5498.48486328125, 5132.11083984375, 4869.65673828125, 4602.46484375, 4353.259765625, 4009.07666015625, 3911.17431640625, 3614.413330078125, 3424.136474609375, 3306.797607421875, 3073.011474609375, 3013.663818359375, 2776.033447265625, 2760.652587890625, 2594.587890625, 2576.202392578125, 2382.476318359375, 2327.737060546875, 2208.952392578125, 2071.744384765625, 2083.159912109375, 1923.189453125, 1960.6068115234375, 1766.4107666015625, 1726.9013671875, 1701.507568359375, 1579.74462890625, 1609.5491943359375, 1484.5521240234375, 1418.893310546875, 1403.7628173828125], "val_mean_squared_error": [2.0352365970611572, 1.7718474864959717, 1.7778714895248413, 1.6667534112930298, 1.6483747959136963, 1.6264708042144775, 1.6536840200424194, 1.6464084386825562, 1.6173561811447144, 1.5960664749145508, 1.5357720851898193, 1.4757524728775024, 1.4245346784591675, 1.3480005264282227, 1.3036128282546997, 1.2531507015228271, 1.215246558189392, 1.187337875366211, 1.1746052503585815, 1.1663644313812256, 1.1574242115020752, 1.1736787557601929, 1.1865615844726562, 1.1730140447616577, 1.189350962638855, 1.1681827306747437, 1.1597633361816406, 1.1599037647247314, 1.1519763469696045, 1.152834177017212, 1.1500911712646484, 1.154942512512207, 1.1876333951950073, 1.1706405878067017, 1.2080458402633667, 1.1603249311447144, 1.2106372117996216, 1.1646934747695923, 1.1579959392547607, 1.1279656887054443, 1.1641730070114136, 1.0749891996383667, 1.0642344951629639, 1.0912764072418213, 1.0333751440048218, 1.065522313117981, 0.9989166855812073, 0.9801670908927917, 0.9921573996543884, 0.9943824410438538, 0.9891452789306641, 1.0543800592422485, 0.9750895500183105, 0.9957036375999451, 0.9830769300460815, 0.9523981809616089, 0.8328536152839661, 0.9364666938781738, 0.9285905957221985, 0.9300954937934875, 0.8939265012741089, 0.9829694628715515, 0.9884830713272095, 1.0205941200256348, 0.9161601662635803, 0.9442647099494934, 0.8998886346817017, 0.8922638297080994, 0.9820670485496521, 1.055077075958252, 0.8913761973381042, 0.8599435091018677, 0.9196695685386658, 0.9523233771324158, 0.9004344344139099, 0.8541470766067505, 0.9018004536628723, 0.9253478050231934, 0.8868334889411926, 0.8944205045700073, 0.9659400582313538, 0.9061344861984253, 0.8938365578651428, 0.82035893201828, 0.9191717505455017, 0.8293338418006897, 0.8497645258903503, 0.9163945317268372, 0.8217909932136536, 0.8469141721725464, 0.8258363604545593, 0.9085221290588379, 0.7449019551277161, 0.7805246710777283, 0.8669245839118958, 0.8250201344490051, 0.8555271029472351, 0.8592988848686218, 0.7074179649353027, 0.7882732152938843]}