{"loss": [581269248.0, 233175056.0, 120934216.0, 72969392.0, 49756208.0, 36983624.0, 28876488.0, 23140894.0, 18844310.0, 15512420.0, 12884460.0, 10769915.0, 9043598.0, 7607598.5, 6400705.5, 5375748.0, 4504059.0, 3764176.25, 3139079.25, 2613230.25, 2171389.0, 1801146.0, 1492662.625, 1236034.125, 1023273.3125, 847286.0, 702125.5, 582594.625, 484379.5625, 404041.75, 337678.25, 282949.375, 237587.671875, 199907.921875, 168607.640625, 142260.40625, 120312.015625, 101779.28125, 86404.3125, 73454.3828125, 62739.03125, 53715.6796875, 46251.78515625, 40040.48046875, 34771.75, 30381.033203125, 26678.302734375, 23471.787109375, 20778.58984375, 18476.654296875, 16477.830078125, 14753.861328125, 13261.9140625, 11982.3759765625, 10847.6484375, 9859.2177734375, 9011.5146484375, 8250.580078125, 7567.96826171875, 6974.69482421875, 6434.6943359375, 5958.40576171875, 5537.7294921875, 5141.02783203125, 4787.7158203125, 4475.40087890625, 4179.32275390625, 3915.91455078125, 3680.970703125, 3467.19580078125, 3258.126220703125, 3083.406982421875, 2915.12158203125, 2757.533203125, 2620.186279296875, 2490.217529296875, 2373.38818359375, 2261.953369140625, 2154.43408203125, 2060.700439453125, 1968.531494140625, 1888.1282958984375, 1801.3441162109375, 1732.5084228515625, 1661.4163818359375, 1598.2950439453125, 1533.0994873046875, 1482.2071533203125, 1425.7979736328125, 1378.305419921875, 1321.4342041015625, 1283.0289306640625, 1235.279541015625, 1194.7410888671875, 1163.1695556640625, 1117.648681640625, 1081.09619140625, 1055.00390625, 1019.4126586914062, 992.6180419921875], "rmse": [2.3135251998901367, 1.8920353651046753, 1.805268406867981, 1.7654516696929932, 1.7372329235076904, 1.7153126001358032, 1.702599048614502, 1.6606636047363281, 1.6168737411499023, 1.5765639543533325, 1.5388712882995605, 1.5089337825775146, 1.4770967960357666, 1.438719630241394, 1.4193326234817505, 1.3959424495697021, 1.3886957168579102, 1.3550875186920166, 1.3460599184036255, 1.3272029161453247, 1.314640760421753, 1.2867978811264038, 1.2677693367004395, 1.2643308639526367, 1.2366300821304321, 1.2147332429885864, 1.193710446357727, 1.1980286836624146, 1.1882091760635376, 1.1816450357437134, 1.1825014352798462, 1.1613081693649292, 1.1680599451065063, 1.1474088430404663, 1.1575114727020264, 1.142119288444519, 1.1347419023513794, 1.120274305343628, 1.1144648790359497, 1.1368603706359863, 1.114499568939209, 1.1229842901229858, 1.1098569631576538, 1.102020025253296, 1.107397437095642, 1.1210676431655884, 1.1147514581680298, 1.1152710914611816, 1.1221294403076172, 1.1169538497924805, 1.110364317893982, 1.1083914041519165, 1.1092448234558105, 1.1107730865478516, 1.1161199808120728, 1.0951135158538818, 1.0968719720840454, 1.0979489088058472, 1.0945676565170288, 1.0919169187545776, 1.0993504524230957, 1.0758640766143799, 1.0838147401809692, 1.081508994102478, 1.0735000371932983, 1.078478455543518, 1.0687384605407715, 1.0521137714385986, 1.0542919635772705, 1.0555884838104248, 1.0541490316390991, 1.0302281379699707, 1.0317442417144775, 1.0360110998153687, 1.021370530128479, 1.005345344543457, 1.0049324035644531, 1.0095036029815674, 0.9936819076538086, 0.9769118428230286, 0.9774562120437622, 0.9710201025009155, 0.9698893427848816, 0.9561716318130493, 0.9508134126663208, 0.9395517706871033, 0.9410080909729004, 0.9339763522148132, 0.9207046627998352, 0.9193947315216064, 0.9113402366638184, 0.9066041111946106, 0.907600998878479, 0.9000032544136047, 0.8877952694892883, 0.8786903023719788, 0.8668848276138306, 0.8716345429420471, 0.8666311502456665, 0.8580820560455322], "val_loss": [320978784.0, 158864192.0, 94943048.0, 65438224.0, 49489988.0, 39362976.0, 32075290.0, 26274264.0, 21688184.0, 17953068.0, 15019015.0, 12575722.0, 10589114.0, 8921142.0, 7487735.0, 6288792.0, 5270973.5, 4384116.5, 3660327.75, 3047469.25, 2538992.5, 2101335.25, 1742148.625, 1441556.5, 1194538.875, 994443.9375, 823218.375, 684205.25, 574894.0625, 480723.25, 403356.59375, 341452.8125, 285628.34375, 239086.15625, 204163.25, 172357.34375, 144944.890625, 123159.8515625, 104459.3984375, 89320.0703125, 76762.171875, 65843.2890625, 57266.2578125, 49847.55859375, 43960.68359375, 38767.77734375, 34290.9921875, 30484.83984375, 27250.880859375, 24484.103515625, 21707.72265625, 19444.58203125, 17521.291015625, 15847.2568359375, 14286.6435546875, 13267.109375, 11930.0068359375, 10678.2392578125, 10120.8818359375, 8978.533203125, 8195.8984375, 7676.71240234375, 6862.22998046875, 6393.46826171875, 5973.97705078125, 5495.81494140625, 5059.4150390625, 4689.02783203125, 4445.2841796875, 4186.7724609375, 4049.033935546875, 3837.82470703125, 3422.33544921875, 3239.638916015625, 3137.31591796875, 2997.208984375, 2779.116943359375, 2708.027099609375, 2537.533447265625, 2458.3603515625, 2299.280517578125, 2168.388671875, 2119.540283203125, 2064.43408203125, 1924.877685546875, 1857.6380615234375, 1778.6317138671875, 1708.637451171875, 1681.66162109375, 1615.383056640625, 1504.212646484375, 1601.2183837890625, 1426.53271484375, 1324.35205078125, 1302.358642578125, 1340.233642578125, 1210.8690185546875, 1193.825927734375, 1127.4881591796875, 1211.2813720703125], "val_rmse": [1.5426130294799805, 1.4913955926895142, 1.470468521118164, 1.439480185508728, 1.400738000869751, 1.3586333990097046, 1.3264787197113037, 1.2987421751022339, 1.2718242406845093, 1.213129997253418, 1.1822677850723267, 1.1632330417633057, 1.1438974142074585, 1.137638807296753, 1.1276354789733887, 1.120925784111023, 1.1105566024780273, 1.1110457181930542, 1.1097534894943237, 1.0920937061309814, 1.0735609531402588, 1.081809639930725, 1.0602082014083862, 1.045804738998413, 1.0399644374847412, 1.005477786064148, 1.0031323432922363, 1.000529170036316, 0.9891385436058044, 1.0054218769073486, 0.9750060439109802, 0.9624804854393005, 0.9703052639961243, 0.9706328511238098, 0.958105742931366, 0.9676958322525024, 0.9514526724815369, 0.9861706495285034, 0.952786922454834, 0.9684929847717285, 0.9154815077781677, 0.9580450654029846, 0.9483515620231628, 0.90159672498703, 0.9096695184707642, 0.889250636100769, 0.9642700552940369, 0.9450138807296753, 0.9539217948913574, 0.9446064829826355, 0.9326881766319275, 0.9382001757621765, 0.9427813291549683, 0.89784175157547, 0.9577643275260925, 0.9066713452339172, 1.0438092947006226, 0.9284582734107971, 0.8681206703186035, 0.919495701789856, 0.8840509057044983, 0.9586939811706543, 0.9564376473426819, 0.957460343837738, 0.9124336838722229, 0.925355851650238, 0.8872755169868469, 0.9172442555427551, 0.9161686301231384, 0.9032168388366699, 0.9282889366149902, 0.9388569593429565, 0.8788242936134338, 0.9376479387283325, 1.000441312789917, 0.9780243635177612, 0.9125285148620605, 1.0696324110031128, 0.8824706673622131, 0.8585530519485474, 0.8590237498283386, 0.8716570734977722, 0.9811843633651733, 0.8282140493392944, 0.9249352216720581, 0.782084584236145, 0.8787161111831665, 0.9106253981590271, 0.9196947813034058, 0.8455994725227356, 0.7578741908073425, 0.8377252817153931, 0.7892176508903503, 0.8535610437393188, 0.7697880864143372, 0.7949925661087036, 0.7642365097999573, 0.7647234201431274, 0.7840090990066528, 0.8458447456359863]}