{"loss": [2.362901449203491, 0.7204468250274658, 0.34312984347343445, 0.24773487448692322, 0.20837543904781342, 0.18573307991027832, 0.17150868475437164, 0.1594657450914383, 0.15317240357398987, 0.1473313421010971, 0.14194488525390625, 0.13911381363868713, 0.1367165744304657, 0.13460871577262878, 0.13349945843219757, 0.13195398449897766, 0.13093820214271545, 0.13031400740146637, 0.12942728400230408, 0.12989164888858795, 0.13008521497249603, 0.1287967562675476, 0.12806278467178345, 0.12759461998939514, 0.12735936045646667, 0.1270642727613449, 0.12702004611492157, 0.1276584416627884, 0.12709517776966095, 0.12670451402664185, 0.12713809311389923, 0.12671823799610138, 0.12661528587341309, 0.12666857242584229, 0.12654787302017212, 0.12677697837352753, 0.12671028077602386, 0.12650921940803528, 0.12652598321437836, 0.1263342648744583, 0.12629090249538422, 0.12628062069416046, 0.12624169886112213, 0.12371708452701569, 0.12368162721395493, 0.12364980578422546, 0.12364082783460617, 0.12362682819366455, 0.12362001091241837, 0.12360754609107971, 0.12361099570989609, 0.12367179989814758, 0.12360294908285141, 0.12362968176603317, 0.12338513135910034, 0.12334892153739929], "rmse": [0.5098047256469727, 0.37735483050346375, 0.3396313488483429, 0.3205525279045105, 0.306079626083374, 0.29659995436668396, 0.2913307547569275, 0.28692612051963806, 0.28513240814208984, 0.2832717299461365, 0.28203657269477844, 0.2815309464931488, 0.2813199460506439, 0.28104937076568604, 0.2806819677352905, 0.2804233729839325, 0.2803100347518921, 0.28018292784690857, 0.2800542414188385, 0.2799893021583557, 0.27984118461608887, 0.2797740399837494, 0.27966493368148804, 0.2796204388141632, 0.2795926332473755, 0.27951470017433167, 0.27954551577568054, 0.27951228618621826, 0.27945035696029663, 0.279433935880661, 0.27944400906562805, 0.27941516041755676, 0.27939268946647644, 0.2794490158557892, 0.27931588888168335, 0.27936622500419617, 0.2793062627315521, 0.2793196737766266, 0.2793287932872772, 0.2793221175670624, 0.2793273329734802, 0.2793474495410919, 0.2793014645576477, 0.272505521774292, 0.27255934476852417, 0.27261435985565186, 0.2726764380931854, 0.2727210819721222, 0.2728019654750824, 0.27282801270484924, 0.2728455662727356, 0.2728923559188843, 0.27301183342933655, 0.2729420065879822, 0.2724434435367584, 0.27234920859336853], "val_loss": [2.288830041885376, 1.673388123512268, 1.5353105068206787, 1.4880627393722534, 1.462114691734314, 1.4452812671661377, 1.434247612953186, 1.4263259172439575, 1.4215948581695557, 1.4185869693756104, 1.4166535139083862, 1.4159244298934937, 1.4154410362243652, 1.4161409139633179, 1.4162265062332153, 1.4173977375030518, 1.4173002243041992, 1.4182242155075073, 1.418841004371643, 1.4198952913284302, 1.4209929704666138, 1.4207088947296143, 1.4208691120147705, 1.4211993217468262, 1.421265721321106, 1.421488881111145, 1.4216930866241455, 1.4226977825164795, 1.4223116636276245, 1.4223332405090332, 1.4227594137191772, 1.4226691722869873, 1.4229912757873535, 1.4228047132492065, 1.423383116722107, 1.4232544898986816, 1.4231103658676147, 1.423010230064392, 1.4232209920883179, 1.4229482412338257, 1.4229404926300049, 1.4229682683944702, 1.4230444431304932, 1.4225761890411377, 1.4221605062484741, 1.4217517375946045, 1.4213613271713257, 1.420978307723999, 1.4206100702285767, 1.4202567338943481, 1.4199018478393555, 1.419568419456482, 1.4192231893539429, 1.4189214706420898, 1.418882131576538, 1.418841004371643], "val_rmse": [1.1675955057144165, 1.1549334526062012, 1.1496808528900146, 1.1462000608444214, 1.143956184387207, 1.142723560333252, 1.1422542333602905, 1.142283320426941, 1.1426818370819092, 1.14329993724823, 1.14407479763031, 1.144913673400879, 1.145756483078003, 1.1465835571289062, 1.1473637819290161, 1.1480884552001953, 1.1487432718276978, 1.149335265159607, 1.1498584747314453, 1.1503181457519531, 1.150713324546814, 1.1510618925094604, 1.1513569355010986, 1.1516144275665283, 1.1518324613571167, 1.1520185470581055, 1.152186632156372, 1.1523255109786987, 1.1524399518966675, 1.1525384187698364, 1.1526174545288086, 1.1526912450790405, 1.1527495384216309, 1.1528035402297974, 1.152838945388794, 1.1528778076171875, 1.152909517288208, 1.1529293060302734, 1.1529490947723389, 1.1529651880264282, 1.1529771089553833, 1.1529966592788696, 1.152995228767395, 1.1528329849243164, 1.1526687145233154, 1.1525073051452637, 1.152349591255188, 1.1521947383880615, 1.1520441770553589, 1.1518968343734741, 1.151752233505249, 1.1516082286834717, 1.1514710187911987, 1.1513348817825317, 1.1513200998306274, 1.1513049602508545], "learning_rate": [0.0010000000474974513, 0.0010000000474974513, 0.0010000000474974513, 0.0010000000474974513, 0.0010000000474974513, 0.0010000000474974513, 0.0010000000474974513, 0.0010000000474974513, 0.0010000000474974513, 0.0010000000474974513, 0.0010000000474974513, 0.0010000000474974513, 0.0010000000474974513, 0.0010000000474974513, 0.0010000000474974513, 0.0010000000474974513, 0.0010000000474974513, 0.0010000000474974513, 0.0010000000474974513, 0.0010000000474974513, 0.0010000000474974513, 0.0010000000474974513, 0.0010000000474974513, 0.0010000000474974513, 0.0010000000474974513, 0.0010000000474974513, 0.0010000000474974513, 0.0010000000474974513, 0.0010000000474974513, 0.0010000000474974513, 0.0010000000474974513, 0.0010000000474974513, 0.0010000000474974513, 0.0010000000474974513, 0.0010000000474974513, 0.0010000000474974513, 0.0010000000474974513, 0.0010000000474974513, 0.0010000000474974513, 0.0010000000474974513, 0.0010000000474974513, 0.0010000000474974513, 0.0010000000474974513, 0.00010000000474974513, 0.00010000000474974513, 0.00010000000474974513, 0.00010000000474974513, 0.00010000000474974513, 0.00010000000474974513, 0.00010000000474974513, 0.00010000000474974513, 0.00010000000474974513, 0.00010000000474974513, 0.00010000000474974513, 1.0000000656873453e-05, 1.0000000656873453e-05]}