{"loss": [3.494288206100464, 1.9855895042419434, 1.3017997741699219, 0.9160683751106262, 0.6834129095077515, 0.5359905362129211, 0.439615935087204, 0.3764108419418335, 0.3314811885356903, 0.2980632185935974, 0.27321866154670715, 0.25413423776626587, 0.24131859838962555, 0.2295909821987152, 0.22069185972213745, 0.21321095526218414, 0.20637400448322296, 0.2009112536907196, 0.19579175114631653, 0.1914980560541153, 0.18775254487991333, 0.18449993431568146, 0.18060548603534698, 0.1785319745540619, 0.1755611151456833, 0.1735268384218216, 0.1711721569299698, 0.16926845908164978, 0.1676957756280899, 0.16557399928569794, 0.16394832730293274, 0.16290239989757538, 0.16120639443397522, 0.15979944169521332, 0.15805602073669434, 0.15716053545475006, 0.15588805079460144, 0.15475451946258545, 0.15313497185707092, 0.15277759730815887, 0.1519024670124054, 0.15037959814071655, 0.14948692917823792, 0.14872108399868011, 0.14796899259090424, 0.1471232771873474, 0.14632520079612732, 0.14565375447273254, 0.14434601366519928, 0.14386200904846191], "rmse": [1.0473201274871826, 0.8319345116615295, 0.7073675990104675, 0.6233612895011902, 0.5644460320472717, 0.5235013961791992, 0.4944629669189453, 0.4751744270324707, 0.4596891403198242, 0.44625380635261536, 0.4353857934474945, 0.4262675642967224, 0.4206896722316742, 0.41418880224227905, 0.4094741940498352, 0.4050992429256439, 0.40049394965171814, 0.3976373076438904, 0.39401867985725403, 0.391452819108963, 0.3889746367931366, 0.3868784010410309, 0.3838264048099518, 0.382485568523407, 0.3803025484085083, 0.37873637676239014, 0.3770192265510559, 0.375436395406723, 0.37436148524284363, 0.3726457953453064, 0.37136781215667725, 0.3708914816379547, 0.36943620443344116, 0.36831894516944885, 0.36629781126976013, 0.36574262380599976, 0.3646996021270752, 0.36393260955810547, 0.3620328903198242, 0.3621584177017212, 0.36127719283103943, 0.35979771614074707, 0.35872840881347656, 0.3581054210662842, 0.3572583794593811, 0.3566291034221649, 0.3560052812099457, 0.35526785254478455, 0.35387280583381653, 0.35325440764427185], "val_loss": [1.2866835594177246, 0.8461587429046631, 0.6515199542045593, 0.544238805770874, 0.464674711227417, 0.4178641438484192, 0.3786676824092865, 0.3602144122123718, 0.34080177545547485, 0.3257973790168762, 0.31815630197525024, 0.3062971234321594, 0.30057987570762634, 0.29593658447265625, 0.2923208773136139, 0.2860809862613678, 0.2790261507034302, 0.2823341488838196, 0.2747780680656433, 0.2775627672672272, 0.27883848547935486, 0.2761595547199249, 0.2700384259223938, 0.2683146893978119, 0.2691843807697296, 0.2651604115962982, 0.2708202004432678, 0.2608550786972046, 0.25912296772003174, 0.2546386122703552, 0.26135575771331787, 0.2598095238208771, 0.2546986937522888, 0.2530773878097534, 0.25405871868133545, 0.2516060471534729, 0.2538420855998993, 0.255126029253006, 0.2543935775756836, 0.2485988289117813, 0.2529829442501068, 0.2538655698299408, 0.2505248188972473, 0.2510841190814972, 0.24594241380691528, 0.2491215020418167, 0.2552239000797272, 0.24272526800632477, 0.2386430948972702, 0.2507166564464569], "val_rmse": [0.520842969417572, 0.5073997974395752, 0.5063502788543701, 0.5023441910743713, 0.4823257327079773, 0.47608163952827454, 0.4635659456253052, 0.46169397234916687, 0.4547465741634369, 0.45060989260673523, 0.44984710216522217, 0.4446619153022766, 0.4446992576122284, 0.44087257981300354, 0.44199562072753906, 0.43997061252593994, 0.43575814366340637, 0.4404471516609192, 0.4340216815471649, 0.4382033944129944, 0.44179779291152954, 0.4392189681529999, 0.4343637228012085, 0.43584340810775757, 0.4375233054161072, 0.43422818183898926, 0.4409172832965851, 0.4293883442878723, 0.42775943875312805, 0.4270722270011902, 0.4332010746002197, 0.43270161747932434, 0.4273516833782196, 0.4269397258758545, 0.4284646511077881, 0.4261523485183716, 0.42922380566596985, 0.42942947149276733, 0.4311501383781433, 0.42550092935562134, 0.4317120611667633, 0.43289390206336975, 0.42936426401138306, 0.4297478199005127, 0.42353272438049316, 0.42992591857910156, 0.4320884943008423, 0.42182180285453796, 0.4208523631095886, 0.43040528893470764]}