{"loss": [1.2812398672103882, 0.9619789123535156, 0.7188864350318909, 0.5339650511741638, 0.4020597040653229, 0.30797192454338074, 0.24534806609153748, 0.203397735953331, 0.17637088894844055, 0.15893161296844482, 0.14858344197273254, 0.14084729552268982, 0.13566915690898895, 0.13229961693286896, 0.12982507050037384, 0.12797094881534576, 0.12717272341251373, 0.12607519328594208, 0.12474894523620605, 0.12459120154380798, 0.12397154420614243, 0.1234583929181099, 0.12324705719947815, 0.12304120510816574, 0.12282748520374298, 0.12235794961452484, 0.12222258001565933, 0.12194333970546722, 0.12220162898302078, 0.12167041003704071, 0.12148040533065796, 0.12095150351524353, 0.12088991701602936, 0.12029926478862762, 0.120267853140831, 0.12026038020849228, 0.12002579867839813, 0.12013714015483856, 0.11968351900577545, 0.11948014795780182, 0.1194341778755188, 0.11900214850902557, 0.11885840445756912, 0.11914712935686111, 0.11839284747838974, 0.11848100274801254, 0.11847296357154846, 0.11800628900527954, 0.11805661767721176, 0.11754316836595535, 0.1175052598118782], "rmse": [0.4516061246395111, 0.3908209800720215, 0.34723952412605286, 0.31312084197998047, 0.2900289297103882, 0.2728925943374634, 0.259330153465271, 0.24920016527175903, 0.24335221946239471, 0.2392655909061432, 0.23632211983203888, 0.23363564908504486, 0.23182424902915955, 0.2303769290447235, 0.22945450246334076, 0.22837218642234802, 0.22836533188819885, 0.22803479433059692, 0.22678670287132263, 0.2269078940153122, 0.22634032368659973, 0.22590479254722595, 0.2254992574453354, 0.22605371475219727, 0.22582612931728363, 0.22539180517196655, 0.22521071135997772, 0.22492001950740814, 0.22522170841693878, 0.22463634610176086, 0.2243061065673828, 0.22357095777988434, 0.22379548847675323, 0.22315973043441772, 0.22301144897937775, 0.22305706143379211, 0.22276313602924347, 0.22336989641189575, 0.22285759449005127, 0.22268979251384735, 0.22233812510967255, 0.22185838222503662, 0.22214975953102112, 0.22259186208248138, 0.22154638171195984, 0.22229303419589996, 0.2223210483789444, 0.2217584103345871, 0.22124220430850983, 0.2216077744960785, 0.22094108164310455], "val_loss": [2.404048204421997, 2.2351720333099365, 2.0985991954803467, 1.9859932661056519, 1.8943159580230713, 1.8228187561035156, 1.7680437564849854, 1.7249822616577148, 1.6957221031188965, 1.6766095161437988, 1.6616154909133911, 1.6517411470413208, 1.6453922986984253, 1.640561819076538, 1.6378666162490845, 1.6363471746444702, 1.634945273399353, 1.6356767416000366, 1.6372003555297852, 1.6376819610595703, 1.6395338773727417, 1.6406056880950928, 1.6412973403930664, 1.6442853212356567, 1.6470218896865845, 1.6501874923706055, 1.6516387462615967, 1.6544793844223022, 1.6571102142333984, 1.6583846807479858, 1.660220980644226, 1.6636444330215454, 1.66558837890625, 1.6708136796951294, 1.6706045866012573, 1.6728872060775757, 1.6759153604507446, 1.6780786514282227, 1.6811732053756714, 1.6836854219436646, 1.6848223209381104, 1.68595290184021, 1.6883714199066162, 1.690632700920105, 1.6912983655929565, 1.6928472518920898, 1.6950984001159668, 1.6977989673614502, 1.6986156702041626, 1.7015100717544556, 1.7024239301681519], "val_rmse": [1.1930115222930908, 1.2209324836730957, 1.2432215213775635, 1.2553009986877441, 1.2578188180923462, 1.2556146383285522, 1.2516677379608154, 1.2465384006500244, 1.2429306507110596, 1.2406792640686035, 1.238387107849121, 1.236951231956482, 1.2361462116241455, 1.2354844808578491, 1.2352862358093262, 1.2353633642196655, 1.235337257385254, 1.236006736755371, 1.2368816137313843, 1.2373578548431396, 1.2382380962371826, 1.2388278245925903, 1.2392617464065552, 1.2404708862304688, 1.2415826320648193, 1.2428920269012451, 1.2435635328292847, 1.2447292804718018, 1.2458006143569946, 1.246396780014038, 1.247139573097229, 1.2485100030899048, 1.249305009841919, 1.2512457370758057, 1.25132417678833, 1.2522218227386475, 1.2534198760986328, 1.2542510032653809, 1.2554497718811035, 1.2564806938171387, 1.256961464881897, 1.2574619054794312, 1.2584326267242432, 1.2592980861663818, 1.2596322298049927, 1.2602328062057495, 1.261124610900879, 1.2621279954910278, 1.2624692916870117, 1.2635892629623413, 1.2639520168304443], "learning_rate": [0.0010000000474974513, 0.0010000000474974513, 0.0010000000474974513, 0.0010000000474974513, 0.0010000000474974513, 0.0010000000474974513, 0.0010000000474974513, 0.0010000000474974513, 0.0010000000474974513, 0.0010000000474974513, 0.0010000000474974513, 0.0010000000474974513, 0.0010000000474974513, 0.0010000000474974513, 0.0010000000474974513, 0.0010000000474974513, 0.0010000000474974513, 0.0010000000474974513, 0.0010000000474974513, 0.0010000000474974513, 0.0010000000474974513, 0.0010000000474974513, 0.0010000000474974513, 0.0010000000474974513, 0.0010000000474974513, 0.0010000000474974513, 0.0010000000474974513, 0.0010000000474974513, 0.0010000000474974513, 0.0010000000474974513, 0.0010000000474974513, 0.0010000000474974513, 0.0010000000474974513, 0.0010000000474974513, 0.0010000000474974513, 0.0010000000474974513, 0.0010000000474974513, 0.0010000000474974513, 0.0010000000474974513, 0.0010000000474974513, 0.0010000000474974513, 0.0010000000474974513, 0.0010000000474974513, 0.0010000000474974513, 0.0010000000474974513, 0.0010000000474974513, 0.0010000000474974513, 0.0010000000474974513, 0.0010000000474974513, 0.0010000000474974513, 0.0010000000474974513]}